yugene_value	probe_id	sample_id	ds_id	chip_type	x_position
0.999839844992	A_23_P59138	GSM520697	6444	119	1
0.998995737186	A_23_P59138	GSM894490	6167	119	2
0.998148772901	A_23_P59138	GSM1040443	6247	120	3
0.996512995313	A_23_P59138	GSM1215665	6353	120	4
0.994544463513	A_23_P59138	GSM1040224	6245	120	5
0.991575333429	A_23_P59138	GSM1040194	6245	120	6
0.990705409097	ILMN_1679060	5445316044_G	5042	73	7
0.987083807089	ILMN_1679060	GSM381615	5008	6	8
0.987073439861	ILMN_1679060	GSM381627	5008	6	9
0.98680400359	ILMN_1679060	5445316044_D	5036	73	10
0.986762144907	ILMN_1679060	GSM381619	5008	6	11
0.986711769265	ILMN_1679060	GSM381622	5008	6	12
0.986628013006	ILMN_1679060	GSM381623	5008	6	13
0.986221603578	ILMN_1679060	GSM381626	5008	6	14
0.98568556464	ILMN_1679060	GSM381611	5008	6	15
0.985217425807	ILMN_2068499	4697141024_B	5006	6	16
0.984625517391	ILMN_2068499	5445316044_A	5042	73	17
0.98438488251	ILMN_1679060	1705168044_F	5005	7	18
0.983183093283	ILMN_1679060	GSM381614	5008	6	19
0.983097914982	ILMN_1679060	GSM381618	5008	6	20
0.982942715537	8178470	GSM525424	5038	46	21
0.982253359018	ILMN_2068499	GSM381619	5008	6	22
0.981805910499	ILMN_1679060	GSM381610	5008	6	23
0.981708596466	214532_x_at	GSM239826	5030	16	24
0.981582384269	ILMN_1679060	GSM381607	5008	6	25
0.9809390821	ILMN_1679060	GSM381621	5008	6	26
0.979331864096	ILMN_1679060	GSM381606	5008	6	27
0.978775826315	ILMN_2068499	GSM381623	5008	6	28
0.978298198657	ILMN_1705546	1981576034_A	6182	7	29
0.978016021833	A_32_P132563	GSM520688	6444	119	30
0.977116245985	8178470	GSM540419	5023	46	31
0.976776440519	ILMN_1679060	GSM381617	5008	6	32
0.976576346859	ILMN_2068499	5645326030_D	5036	73	33
0.976477104198	ILMN_2068499	GSM381618	5008	6	34
0.976337916228	ILMN_2068499	GSM381622	5008	6	35
0.976298585512	8178470	GSM898028	6092	46	36
0.976291097999	ILMN_1705546	4530842024_A	6688	7	37
0.976078054871	ILMN_2068499	GSM381627	5008	6	38
0.97590438912	ILMN_2068499	GSM381626	5008	6	39
0.975602804854	ILMN_2068499	GSM381607	5008	6	40
0.974651658024	ILMN_2068499	6235804065_G	6072	73	41
0.974065479056	ILMN_2068499	GSM381611	5008	6	42
0.973947697886	ILMN_1679060	GSM381625	5008	6	43
0.973182698716	208286_x_at	GSM378838	6164	16	44
0.973128795846	ILMN_2068499	GSM381621	5008	6	45
0.972659840851	ILMN_2068499	GSM381615	5008	6	46
0.972251774722	214532_x_at	GSM257522	6161	16	47
0.971950192606	8178470	H9_c8_reset_3	6429	46	48
0.971597693253	214532_x_at	GSM579893	6056	16	49
0.971580113947	208286_x_at	GSM462814	5028	16	50
0.971576911641	ILMN_1705546	GSM381619	5008	6	51
0.971545880268	ILMN_2068499	GSM381606	5008	6	52
0.971160818181	A_24_P214841	GSM520685	6444	119	53
0.971012519256	208286_x_at	GSM310861	5027	16	54
0.969973055973	214532_x_at	GSM574082	5025	16	55
0.969848860849	208286_x_at	GSM378831	5013	16	56
0.969622196447	ILMN_2068499	GSM381610	5008	6	57
0.969415043852	ILMN_2068499	GSM381614	5008	6	58
0.968712536994	214532_x_at	GSM551200	6242	16	59
0.968529731658	ILMN_1705546	GSM381627	5008	6	60
0.968343910121	8124889	GSM1470876	6542	46	61
0.96817371193	ILMN_1679060	7911763028_H	6557	73	62
0.967463167094	214532_x_at	GSM378833	5013	16	63
0.967097326253	214532_x_at	GSM656449	5041	16	64
0.966393293021	A_24_P214841	GSM520715	6444	119	65
0.965662531937	8124889	GSM1323612	6447	46	66
0.964407656734	208286_x_at	GSM347925	5033	16	67
0.963864108413	8124889	GSM607080	6008	46	68
0.963312090123	214532_x_at	GSM378814	6163	16	69
0.963264456229	210905_x_at	GSM378823	6163	16	70
0.963263009957	ILMN_1679060	GSM381605	5008	6	71
0.963227925769	210905_x_at	GSM347925	5033	16	72
0.963136081512	ILMN_1705546	5445316044_J	5042	73	73
0.962976981848	8124889	GSM531022	6049	46	74
0.96290868827	210905_x_at	GSM378825	5013	16	75
0.962450049455	ILMN_1705546	GSM381615	5008	6	76
0.962321849433	8178470	GSM628197	5016	46	77
0.962275386133	8179719	Ad_iPS1_3	6429	46	78
0.961365248573	ILMN_1705546	GSM381618	5008	6	79
0.96132936638	ILMN_1705546	GSM381614	5008	6	80
0.961297851957	210905_x_at	GSM551196	6242	16	81
0.961015590428	208286_x_at	GSM449729	6166	16	82
0.960779953479	8178470	GSM1060533	6157	46	83
0.960078338792	ILMN_1679060	4032149081_B	6705	7	84
0.959958862706	ILMN_1705546	GSM381623	5008	6	85
0.959953942241	ILMN_1705546	5991413017_A	5042	73	86
0.959499175641	ILMN_1705546	GSM381626	5008	6	87
0.9590974268	ILMN_2068499	GSM381625	5008	6	88
0.958959960306	A_23_P59138	GSM1215725	6353	120	89
0.958232344641	ILMN_1705546	GSM381607	5008	6	90
0.958186819775	ILMN_1705546	GSM381611	5008	6	91
0.958186819775	ILMN_1705546	GSM381611	5008	6	92
0.957883167189	210265_x_at	04_K1-31-2_No_439-2	6065	16	93
0.957870522751	ILMN_2068499	GSM381617	5008	6	94
0.95752499681	210905_x_at	GSM574088	5025	16	95
0.957172716801	210265_x_at	GSM462814	5028	16	96
0.956970094573	214532_x_at	GSM241165	6057	16	97
0.955915168104	208286_x_at	GSM590391	6005	16	98
0.95590388477	8179719	GSM807100	6441	46	99
0.955332907828	ILMN_1705546	GSM381621	5008	6	100
0.954994933522	A_23_P59138	GSM1151077	6356	120	101
0.9548251991	210265_x_at	GSM378827	5013	16	102
0.954790266608	ILMN_1705546	GSM381622	5008	6	103
0.954673069245	210265_x_at	GSM248211	6162	16	104
0.95445939515	A_24_P144601	GSM1110014	6247	120	105
0.953606861485	A_24_P144601	GSM1215657	6353	120	106
0.952121612718	ILMN_1705546	GSM381610	5008	6	107
0.951557951091	A_24_P144601	GSM1040174	6245	120	108
0.951316474255	ILMN_1705546	5445316039_D	5036	73	109
0.950409284094	ILMN_1705546	1911480102_B_GSM381186	5004	7	110
0.950384491227	210265_x_at	GSM656446	5041	16	111
0.949470937568	208286_x_at	GSM402717	6165	16	112
0.948666260641	ILMN_1679060	GSM381620	5008	6	113
0.947874931486	210265_x_at	GSM500994	5018	16	114
0.94755077846	208286_x_at	GSM579891	6056	16	115
0.947500973666	8179719	GSM525412	5038	46	116
0.946994435859	A_24_P144601	GSM1151077	6356	120	117
0.946245222434	208286_x_at	GSM574091	5025	16	118
0.945716878138	8124889	GSM568486	6145	46	119
0.945338543978	ILMN_1705546	GSM381625	5008	6	120
0.945144067164	ILMN_1705546	7911763028_L	6557	73	121
0.94510097148	ILMN_1705546	GSM381606	5008	6	122
0.944946568926	A_24_P144601	GSM1040219	6247	120	123
0.944792857857	A_24_P144601	GSM1215717	6353	120	124
0.943356073199	8179719	GSM540407	5023	46	125
0.940942616813	ILMN_1679060	GSM381613	5008	6	126
0.940734362708	214532_x_at	GSM637782.cel	5002	36	127
0.9384100663	210905_x_at	GSM423940	5031	16	128
0.937108499768	ILMN_2068499	GSM381605	5008	6	129
0.937108499768	ILMN_2068499	GSM381605	5008	6	130
0.936170018402	210265_x_at	GSM257522	6161	16	131
0.936126847531	8124889	UD_a_mRNA	6499	46	132
0.936009794692	ILMN_1679060	GSM381609	5008	6	133
0.933285534052	8124889	GSM628204	5016	46	134
0.933212612723	ILMN_1705546	GSM381617	5008	6	135
0.931155528475	208286_x_at	GSM738149	6007	16	136
0.930535904256	ILMN_2068499	GSM1367316	6545	73	137
0.929776095979	214532_x_at	SB3	6053	16	138
0.929566917944	ILMN_1705546	5645326030_A	5036	73	139
0.929224599164	210265_x_at	GSM367219	6051	16	140
0.928430695015	A_24_P144601	GSM1040204	6245	120	141
0.927313111129	ILMN_2068499	GSM381620	5008	6	142
0.927166576409	208286_x_at	GSM656438	5041	16	143
0.927050142467	210905_x_at	GSM656435	5041	16	144
0.92664946431	210905_x_at	GSM590403	6005	16	145
0.926470350518	208286_x_at	GSM637765.cel	5002	36	146
0.926065278124	210265_x_at	GSM574079	5025	16	147
0.919414928095	210265_x_at	GSM637778.cel	5002	36	148
0.918439142219	210265_x_at	GSM738143	6007	16	149
0.91728108167	ILMN_2068499	GSM810527	5035	73	150
0.912875102648	214532_x_at	GSM194310	6033	16	151
0.907085438166	210905_x_at	GSM194308	6033	16	152
0.907021276758	ILMN_2068499	GSM381613	5008	6	153
0.906598118719	A_24_P144601	GSM1215747	6353	120	154
0.905716289752	ILMN_1705546	AfBLy_2_d2_3	5043	66	155
0.903325471669	ILMN_2068499	GSM381609	5008	6	156
0.901608584208	210905_x_at	Neuro-Zhang-hES_pool2-HGU133_2	6047	16	157
0.899353193816	8179719	GSM628211	5016	46	158
0.899323625729	ILMN_1679060	GSM381624	5008	6	159
0.897010889192	ILMN_1705546	C2-4-4	6414	73	160
0.889235614542	8179719	GSM568492	6145	46	161
0.888860697898	210905_x_at	GSM637761.cel	5002	36	162
0.888448219602	210265_x_at	GSM310839	5027	16	163
0.886154502036	A_24_P144601	GSM1215627	6353	120	164
0.87450810034	ILMN_1705546	GSM381605	5008	6	165
0.873251420492	A_23_P59138	GSM1215695	6353	120	166
0.872442982951	ILMN_1705546	GSM381613	5008	6	167
0.870631666368	ILMN_1679060	GSM381616	5008	6	168
0.866325922242	208286_x_at	BMP4	6054	16	169
0.862698648874	8124889	GSM958227	6169	46	170
0.852898220963	ILMN_1705546	GSM381620	5008	6	171
0.851564678274	ILMN_2068499	GSM381624	5008	6	172
0.84620605889	ILMN_1705546	GSM381609	5008	6	173
0.843114086232	ILMN_1679060	1848089094_A	6182	7	174
0.816560544798	ILMN_1705546	4038250016_A	6182	7	175
0.81573652848	17040632	GSM1376247	6343	134	176
0.799370115731	ILMN_1679060	GSM810539	5035	73	177
0.797753008991	ILMN_2068499	GSM381616	5008	6	178
0.792334652792	ILMN_1679060	GSM381604	5008	6	179
0.777189614227	ILMN_2068499	GSM381604	5008	6	180
0.770736917512	ILMN_1705546	GSM381624	5008	6	181
0.755388163533	8179719	GSM726936	5022	46	182
0.75273492528	208286_x_at	GSM574061	5025	16	183
0.751806865755	17040632	GSM1533814	6748	134	184
0.751806865755	17038044	GSM1533814	6748	134	185
0.751806865755	17033265	GSM1533814	6748	134	186
0.75039325946	17027710	GSM1533820	6748	134	187
0.737232794278	ILMN_1705546	GSM381616	5008	6	188
0.734610873805	210265_x_at	GSM661354	6055	16	189
0.733363256118	A_23_P59138	GSM1215785	6353	120	190
0.721595547429	17027710	GSM1533790	6748	134	191
0.720650899377	17006568	GSM1533778	6748	134	192
0.710741169702	ILMN_1705546	GSM381604	5008	6	193
0.710523764452	214532_x_at	GSM609700_5202764005789149112904.F07	5003	41	194
0.703316737075	A_23_P59138	GSM1387831	6439	143	195
0.693855568309	8179719	GSM870542	6509	46	196
0.68841746314	223274_at	GSM1041389	6358	16	197
0.687856683604	17006568	GSM1376245	6343	134	198
0.681927169625	17006568	GSM1533808	6748	134	199
0.681534821169	17035356	GSM1533778	6748	134	200
0.681534821169	17030560	GSM1533778	6748	134	201
0.679124682614	ILMN_1679060	GSM381608	5008	6	202
0.678007703413	ILMN_1679060	GSM381612	5008	6	203
0.672233038262	17035356	GSM1533808	6748	134	204
0.672233038262	17030560	GSM1533808	6748	134	205
0.669612215948	17038044	GSM1376242	6343	134	206
0.666892986583	8124889	GSM726930	5022	46	207
0.666724276062	210265_x_at	GSM468220_S9_R1	6009	51	208
0.662384331362	17040632	GSM1533784	6748	134	209
0.662384331362	17038044	GSM1533784	6748	134	210
0.662384331362	17033265	GSM1533784	6748	134	211
0.659616889593	17030560	GSM1376250	6343	134	212
0.659150563188	210905_x_at	GSM239828	5029	16	213
0.656086239436	ILMN_2068499	GSM381608	5008	6	214
0.649811894606	ILMN_1705546	4941166010_C	6696	6	215
0.648718161521	ILMN_1679060	6235804065_K	6072	73	216
0.64499494584	17031762	AW_17	6272	134	217
0.644343807813	17034217	AW_17	6272	134	218
0.643578478285	A_23_P59138	GSM1215755	6353	120	219
0.638669092814	A_23_P59138	AR1583_02	6318	114	220
0.634335088463	A_23_P59138	GSM520667	6444	119	221
0.622605444559	208286_x_at	GSM260677	6119	16	222
0.622454444491	ILMN_2068499	GSM381612	5008	6	223
0.613728489247	17041763	AW_5	6272	134	224
0.612640460298	ILMN_1705546	GSM381612	5008	6	225
0.609655570662	223274_at	GSM366203	6329	16	226
0.605125716518	8178470	GSM771063	6098	46	227
0.603598863276	223274_at	GSM184640	6254	16	228
0.60341544405	17036467	AW_5	6272	134	229
0.597434775435	17028984	AW_11	6272	134	230
0.596348125331	ILMN_1705546	GSM381608	5008	6	231
0.595734749178	17039262	AW_11	6272	134	232
0.595124796122	8179719	GSM771063	6098	46	233
0.584130118801	ILMN_1665632	7656766006_H	6646	73	234
0.582851035157	ILMN_1705546	GSM1385339	6468	73	235
0.582067688206	A_23_P59138	GSM1398764	6820	120	236
0.578312434472	17028984	GSM1376244	6343	134	237
0.576644264773	ILMN_1705546	6235804065_H	6072	73	238
0.574566407122	ILMN_1679060	5666194007_H	6646	73	239
0.572287993325	ILMN_1679060	PAW520	6491	73	240
0.57082505626	A_32_P132563	GSM1655126	6679	119	241
0.569017006897	A_24_P349965	AR1583_06	6318	114	242
0.568176290236	214532_x_at	GSM260677	6119	16	243
0.564368781436	17041763	GSM1376242	6352	134	244
0.562035602341	ILMN_2317618	3998755170_G	6612	73	245
0.559168073489	A_23_P59138	GSM1215635	6353	120	246
0.558576159785	ILMN_1679060	7656766010_K	6646	73	247
0.558404634938	223274_at	GSM366233	6329	16	248
0.555491782869	223274_at	GSM606419	6037	16	249
0.547890223057	17027710	AW_11	6272	134	250
0.546628802012	17031762	GSM1376245	6352	134	251
0.543647227918	214532_x_at	GSM238837	6190	16	252
0.541632002178	208286_x_at	ME1	6616	16	253
0.541082270041	17017102	AW_5	6272	134	254
0.540628392969	17036467	GSM1376247	6352	134	255
0.539951418257	A_23_P59138	GSM1151107	6356	120	256
0.539040724866	ILMN_1679060	PAW488	6491	73	257
0.537740644586	208286_x_at	GSM238810	6190	16	258
0.534986990774	17034217	GSM1376250	6352	134	259
0.53453393569	223274_at	GSM1377984	6347	16	260
0.533272248421	223274_at	GSM308067	6518	16	261
0.529410353597	208286_x_at	GSM119620	6190	16	262
0.529341085433	ILMN_1665632	PAW498	6491	73	263
0.528141218686	17039262	GSM1376248	6352	134	264
0.526745563718	ILMN_1679060	9275880026_I	6418	73	265
0.525896770916	ILMN_1665632	5655508047_E	6646	73	266
0.525702593584	8178470	GSM1022386	6440	46	267
0.524599522388	ILMN_1679060	5666194004_B	6646	73	268
0.524473309429	A_23_P59138	GSM910708	6336	120	269
0.523738127579	8124889	GSM630787	5012	46	270
0.523163140513	ILMN_1665632	5645810031_F	6646	73	271
0.522128180968	ILMN_1665632	5666194008_L	6646	73	272
0.518313790334	223274_at	GSM1210392	6339	16	273
0.51386611826	ILMN_1679060	9257631056_L	6646	73	274
0.511557169233	17039262	GSM1533790	6748	134	275
0.510813405076	223274_at	Sworder_99	6644	16	276
0.507660629224	A_24_P349965	GSM1151107	6356	120	277
0.507601961427	17039262	GSM1533820	6748	134	278
0.504646082118	214532_x_at	GSM624095	6000	16	279
0.504350971533	17041763	GSM1533802	6748	134	280
0.502585075747	17028984	GSM1533820	6748	134	281
0.501678085267	8179719	GSM1199234	6359	46	282
0.500694795672	17028984	GSM1533790	6748	134	283
0.500080587638	ILMN_2317618	5935420016_I	6063	73	284
0.498385048812	A_24_P349965	GSM1151077	6356	120	285
0.496610583228	210265_x_at	GSM609732_5202764005790179113004.C02	5003	41	286
0.496602371462	ILMN_1679060	5655508004_G	6646	73	287
0.49585611562	ILMN_1665632	5655508009_K	6646	73	288
0.495510979476	214532_x_at	GSM345273	6442	16	289
0.494334736307	A_24_P349965	GSM1215646	6353	120	290
0.493679015975	208286_x_at	GSM609761_5202764005792184120204.C03	5003	41	291
0.49181552726	ILMN_1679060	9273353058_E	6460	73	292
0.491772613261	214532_x_at	GSM609820_5202764005789146112904.D04	5003	41	293
0.491620828994	208286_x_at	GSM609641_5202764005789146112904.H12	5003	41	294
0.490111646826	ILMN_1679060	9322957073_C	6418	73	295
0.490055285163	17036467	GSM1533802	6748	134	296
0.489216096061	8179719	GSM396487	6003	46	297
0.48915953241	208286_x_at	GSM609731_5202764005789146112904.F06	5003	41	298
0.48878517092	17034217	GSM1533796	6748	134	299
0.488549909089	214532_x_at	GSM609730_5202764005789149112904.D09	5003	41	300
0.488034967148	ILMN_1679060	9322957073_E	6460	73	301
0.487278168765	8178470	GSM1023032	6472	46	302
0.487033914231	208286_x_at	GSM238949	6190	16	303
0.482234749839	1894_f_at	GSM265366	6371	184	304
0.481493378813	A_23_P59138	GSM1085002	6629	119	305
0.481387760707	208286_x_at	GSM119680	6190	16	306
0.479039501697	ILMN_2317618	6898376089_B	6646	73	307
0.478620934805	ILMN_1679060	9461595026_B	6273	73	308
0.478616533995	ILMN_2317618	6898376067_G	6646	73	309
0.478552069501	ILMN_1679060	9275880026_K	6460	73	310
0.477280038671	210265_x_at	GSM609762_5202764005792185120204.C05	5003	41	311
0.475774957666	214532_x_at	050607_M12_4h_HG-U133A	6277	51	312
0.473721687293	214532_x_at	GSM241201	6332	16	313
0.473577819724	17031762	GSM1533796	6748	134	314
0.473209264554	223274_at	GSM579887	6056	16	315
0.47270036939	214532_x_at	GSM609640_5202764005789146112904.A10	5003	41	316
0.472485975183	ILMN_1665632	GSM1082832	6253	73	317
0.471480553637	8179719	GSM836201	6489	46	318
0.470872760349	8178470	GSM1180559	6203	46	319
0.469447374323	ILMN_1679060	7466516013_J	6646	73	320
0.469361841593	ILMN_1705546	GSM810545	5035	73	321
0.468979813993	210905_x_at	GSM609643_5202764005789146112904.H11	5003	41	322
0.468226395664	ILMN_1665632	GSM810533	5035	73	323
0.467905218621	208286_x_at	GSM238848	6190	16	324
0.467623674522	ILMN_2317618	8959291040_E	6485	73	325
0.466493229155	ILMN_2317618	6991010010_B	6646	73	326
0.465949066728	8124889	GSM1022366	6440	46	327
0.465742191172	ILMN_1665632	GSM810593	5035	73	328
0.46489494207	ILMN_1679060	5655508054_A	6646	73	329
0.463230018814	ILMN_1665632	7466516033_H	6646	73	330
0.46065239748	ILMN_1679060	5666194027_G	6646	73	331
0.460524105095	ILMN_2317618	6235804065_J	6072	73	332
0.459679309423	ILMN_2317618	6898376095_H	6646	73	333
0.459639722876	ILMN_2317618	5655508017_I	6646	73	334
0.45842900639	ILMN_2317618	GSM1385339	6468	73	335
0.457749291719	8124889	GSM524032	6631	46	336
0.457442159691	ILMN_1679060	9273353058_C	6418	73	337
0.454785352	210905_x_at	GSM609733_5202764005789149112904.B09	5003	41	338
0.453962493609	ILMN_1679060	6991010002_F	6646	73	339
0.45371831497	8179719	GSM1022346	6440	46	340
0.452923134244	ILMN_1679060	9257622077_G	6646	73	341
0.452794965845	ILMN_1679060	5655508048_G	6646	73	342
0.4527883656	208286_x_at	GSM425653	6473	16	343
0.452655181684	214532_x_at	M4_U133A_28_05_03	6277	51	344
0.45225683749	8178470	GSM909604	6199	46	345
0.451316949293	8178470	GSM870382	6479	46	346
0.450107336837	8178470	GSM1122002	6345	46	347
0.447866267175	8178470	GSM1022356	6440	46	348
0.447649770606	ILMN_1679060	GSM810569	5035	73	349
0.446924462552	8178470	GSM701624	6184	46	350
0.446843216136	8178470	GSM1262718	6362	46	351
0.446580563198	210265_x_at	GSM609822_5202764005792184120204.B09	5003	41	352
0.446117266928	ILMN_1665632	6991010010_J	6646	73	353
0.445550114698	214532_x_at	GSM119669	6190	16	354
0.444644373389	8178470	GSM1045529	6747	46	355
0.443694412127	ILMN_1679060	5655508017_A	6646	73	356
0.443347272747	ILMN_1679060	PAW129	6491	73	357
0.443200502832	ILMN_1665632	7466516041_I	6646	73	358
0.443114941218	ILMN_1679060	9345725131_C	6418	73	359
0.439839053172	ILMN_1679060	9252616057_H	6646	73	360
0.438497434101	214532_x_at	GSM386492	5024	16	361
0.437998518086	ILMN_1679060	9322957086_I	6418	73	362
0.437306745119	ILMN_1679060	9249896068_E	6646	73	363
0.435428450593	208286_x_at	Neuro-Zhang-d17NE_pool2-HGU133_2	6047	16	364
0.434601338036	223274_at	GSM813011	6661	16	365
0.434099968812	ILMN_1665632	7509379017_C	6646	73	366
0.433304958787	ILMN_1679060	9322957086_K	6460	73	367
0.432930759095	ILMN_1679060	7509379004_K	6646	73	368
0.432856671232	208286_x_at	GSM308044	6518	16	369
0.43273416059	210905_x_at	GSM609763_5202764005789149112904.G04	5003	41	370
0.432450498511	ILMN_1679060	GSM502128	6461	6	371
0.432096224322	ILMN_1679060	6898376057_B	6646	73	372
0.431196483863	214532_x_at	GSM362249	5029	16	373
0.431173583649	208286_x_at	GSM119650	6190	16	374
0.430260032537	ILMN_2317618	6898376057_K	6646	73	375
0.429476648284	ILMN_1665632	7509352079_D	6646	73	376
0.428093662693	ILMN_1679060	GSM517029	6001	7	377
0.42806913288	ILMN_2317618	PAW133	6491	73	378
0.427229521263	223274_at	GSM348319	6280	16	379
0.426874583604	ILMN_2317618	5645810035_D	6646	73	380
0.426400779621	210265_x_at	GSM609642_5202764005789146112904.C12	5003	41	381
0.42629686891	A_24_P144601	AR1583_10	6318	114	382
0.425787401781	ILMN_1679060	8659387164_F	6418	73	383
0.425035585336	ILMN_1679060	7509379107_B	6646	73	384
0.424375832829	ILMN_1665632	9252616055_F	6646	73	385
0.42371400449	8179719	GSM898010	6092	46	386
0.423519360804	A_24_P349965	GSM1215706	6353	120	387
0.423148731602	8124889	GSM1122008	6345	46	388
0.422568936565	ILMN_1665632	5645810035_L	6646	73	389
0.421974991289	223274_at	GSM551198	6242	16	390
0.421096563784	ILMN_1679060	5666194025_A	6646	73	391
0.420153848811	8124889	14_AH_5	6052	46	392
0.419947797406	214532_x_at	GSM119639	6190	16	393
0.419632638127	223274_at	GSM568881	6207	16	394
0.418381902164	ILMN_1665632	5645810003_K	6646	73	395
0.417547670973	208286_x_at	GSM372148	6006	16	396
0.417190331923	ILMN_2317618	9252616073_J	6646	73	397
0.416357838818	ILMN_1679060	GSM502248	6461	6	398
0.41560635959	8178470	GSM907808	6270	46	399
0.41530285659	223274_at	GSM310852	5027	16	400
0.415222527407	ILMN_2317618	9257622095_C	6646	73	401
0.414727420424	ILMN_1665632	9257622045_H	6646	73	402
0.414578107752	ILMN_2317618	PAW526	6491	73	403
0.413713131719	214532_x_at	GSM661357	6055	16	404
0.41324547257	214532_x_at	GSM87709	6635	51	405
0.412438362728	ILMN_1679060	GSM1082844	6253	73	406
0.410572086841	ILMN_1679060	9345725131_E	6460	73	407
0.410511085739	8179719	GSM1122014	6345	46	408
0.409986115818	ILMN_1679060	6898368069_F	6646	73	409
0.409256434217	ILMN_1665632	GSM1017900	6722	73	410
0.409198499969	8124889	GSM451853	6292	46	411
0.409074097068	8178470	GSM907868	6270	46	412
0.408857009466	ILMN_1679060	GSM502158	6461	6	413
0.407829018058	ILMN_2317618	9257622042_K	6646	73	414
0.407049742942	214532_x_at	GSM238874	6190	16	415
0.40643739679	8178470	GSM1058970	6325	46	416
0.405642927758	ILMN_2317618	9252616034_I	6646	73	417
0.405080948327	A_24_P349965	GSM1215676	6353	120	418
0.404274873639	214532_x_at	GSM239613	6114	16	419
0.403972498342	214532_x_at	GSM123782	6490	51	420
0.40339507134	ILMN_2317618	7466516008_E	6646	73	421
0.402996170748	ILMN_1665632	5666194006_F	6646	73	422
0.401643774276	ILMN_1679060	5645810032_H	6646	73	423
0.400882020839	A_24_P349965	GSM451457	6470	119	424
0.400326299413	ILMN_1679060	GSM502278	6461	6	425
0.400055696143	ILMN_2317618	GSM1348175	6566	73	426
0.399735544559	ILMN_1679060	GSM502218	6461	6	427
0.399369745575	ILMN_2317618	5445316044_G	5036	73	428
0.398339139349	ILMN_2317618	GSM1288450	6534	66	429
0.397436996935	8179719	GSM630793	5012	46	430
0.397139504958	ILMN_2317618	9322957058_K	6460	73	431
0.394455339221	8178470	GSM1022326	6440	46	432
0.394040917026	8179719	GSM518090	6284	46	433
0.39392058204	208286_x_at	GSM1253162	6360	16	434
0.393366266171	ILMN_2317618	9259561005_K	6646	73	435
0.393189568989	8179719	GSM999023	6252	46	436
0.392147840656	ILMN_2317618	7018879056_D	6453	73	437
0.390930699736	ILMN_2317618	7018879014_K	6454	73	438
0.39004023885	ILMN_1679060	9249896031_J	6646	73	439
0.389831031628	223274_at	GSM308030	6518	16	440
0.389356046688	ILMN_1665632	PAW561	6491	73	441
0.389131039573	ILMN_2317618	7649558069_A	6646	73	442
0.388162687277	214532_x_at	051703_D8_18h_HG-U133A	6277	51	443
0.387714681871	ILMN_1679060	5935420017_L	6063	73	444
0.387577404769	ILMN_1679060	GSM502188	6461	6	445
0.386163589275	210905_x_at	GSM609703_5202764006152214120704.F10	5003	41	446
0.383514273265	8178470	GSM1162539	6326	46	447
0.383286449787	223274_at	GSM745888	6222	16	448
0.382113635707	ILMN_1679060	6898376081_F	6646	73	449
0.382019429906	210265_x_at	GSM609672_5202764005792184120204.B02	5003	41	450
0.38164114652	223274_at	GSM378829	5013	16	451
0.380880775106	223274_at	GSM624087	6000	16	452
0.380084173554	208286_x_at	GSM609791_5202764005792184120204.D03	5003	41	453
0.380002615195	ILMN_1665632	PAW110	6491	73	454
0.379254505351	ILMN_1679060	PAW551	6491	73	455
0.378504270777	ILMN_2317618	3999810110_K	6622	73	456
0.377585834775	ILMN_1665632	GSM928751	6208	6	457
0.377333565618	ILMN_2317618	GSM381608	5008	6	458
0.377193771264	223274_at	GSM238791	6190	16	459
0.376946291649	ILMN_1679060	7509379090_H	6646	73	460
0.376543837878	ILMN_1679060	7509379098_D	6646	73	461
0.375921112713	ILMN_2317618	9249896082_A	6646	73	462
0.375810869943	223274_at	GSM378821	6163	16	463
0.375438293189	ILMN_1665632	6898368066_D	6646	73	464
0.374969604387	ILMN_1665632	7509379010_H	6646	73	465
0.374763991694	8178470	GSM907838	6270	46	466
0.374668022453	ILMN_1679060	6991010046_H	6646	73	467
0.373993405518	ILMN_1679060	7509379012_J	6646	73	468
0.373835611338	214532_x_at	GSM308064	6518	16	469
0.373639209716	214532_x_at	GSM123752	6490	51	470
0.373255049445	ILMN_2317618	5666194025_I	6646	73	471
0.373062272519	208286_x_at	412-OR	6505	16	472
0.372438765639	ILMN_1679060	9252616092_I	6646	73	473
0.370426277995	223274_at	GSM1182329	6413	16	474
0.370051737212	ILMN_2317618	5655508054_J	6646	73	475
0.369288317594	ILMN_1665632	1981576025_A	6182	7	476
0.369117098989	ILMN_1679060	9259561005_A	6646	73	477
0.368706491127	ILMN_2317618	9257631053_B	6646	73	478
0.368610552292	ILMN_1679060	9252616073_B	6646	73	479
0.368267195781	ILMN_1679060	9249896097_K	6646	73	480
0.367987006043	8124889	GSM1022396	6440	46	481
0.367786099316	ILMN_1679060	9252616029_L	6646	73	482
0.367375533345	214532_x_at	GSM1041411	6358	16	483
0.367226445091	ILMN_1665632	6991010045_E	6646	73	484
0.366768151983	ILMN_2317618	5666194022_C	6646	73	485
0.366527288179	ILMN_1665632	7509379082_F	6646	73	486
0.36646211951	214532_x_at	GSM388754	6248	16	487
0.365796202216	ILMN_1665632	5666194026_E	6646	73	488
0.365587526894	ILMN_2317618	7466516034_G	6646	73	489
0.364939336455	8179719	GSM1058976	6325	46	490
0.364929684977	ILMN_1665632	7466516037_C	6646	73	491
0.364082351143	8178470	GSM1162569	6326	46	492
0.362796808193	A_23_P59138	GSM451456	6470	119	493
0.362679763641	208286_x_at	GSM366234	6329	16	494
0.362047707789	ILMN_1665632	9345725131_E	6418	73	495
0.361411085786	214532_x_at	GSM878111	6216	16	496
0.361318160458	8179719	GSM907830	6270	46	497
0.359604262386	ILMN_1665632	GSM381605	5008	6	498
0.359104621162	ILMN_2317618	9257631026_G	6646	73	499
0.359042115696	8124889	GSM1022336	6440	46	500
0.358604803264	208286_x_at	GSM609821_5202764005790179113004.C03	5003	41	501
0.35853894944	8179719	GSM907860	6270	46	502
0.357905359668	8124889	GSM1347708	6448	46	503
0.35777204053	208286_x_at	GSM75567	6305	16	504
0.356794004732	223274_at	GSM501007	5018	16	505
0.356381203188	ILMN_1679060	7466516038_E	6646	73	506
0.355741277497	210265_x_at	GSM609702_5202764005790179113004.B02	5003	41	507
0.35538586585	ILMN_1665632	9322957080_K	6460	73	508
0.354875634365	208286_x_at	GSM388757	6248	16	509
0.35440861361	ILMN_2068499	9461595026_H	6273	73	510
0.353884780425	8179719	GSM1022376	6440	46	511
0.353037343274	214532_x_at	SG1U133ACD	6349	51	512
0.352091967806	ILMN_2317618	6898368080_B	6646	73	513
0.351522479214	214532_x_at	GSM366942	6051	16	514
0.35047412513	ILMN_2317618	9273353045_A	6418	73	515
0.350390085262	208286_x_at	GSM466544	6614	16	516
0.350154530703	ILMN_1679060	6898376063_J	6646	73	517
0.349613765934	ILMN_2317618	GSM1367319	6545	73	518
0.348263500224	ILMN_1679060	GSM1082814	6253	73	519
0.348000950612	208286_x_at	GSM606424	6037	16	520
0.347277238737	8124889	GSM1088049	6472	46	521
0.347022443789	8179719	GSM1088053	6472	46	522
0.346977969461	223274_at	GSM574070	5025	16	523
0.346248951696	ILMN_2317618	6747973056_H	6646	73	524
0.346093109233	ILMN_1665632	6898376096_D	6646	73	525
0.345874646189	ILMN_2317618	GSM1082838	6253	73	526
0.345543995454	ILMN_1679060	GSM1212250	6213	73	527
0.34549204579	208286_x_at	GSM609671_5202764005790179113004.H05	5003	41	528
0.345491419755	223274_at	GSM540717	5039	16	529
0.345082755704	ILMN_1665632	9257631036_C	6646	73	530
0.344991809893	A_23_P59138	GSM952618	6450	120	531
0.344764482778	214532_x_at	GSM501001	5018	16	532
0.3440133787	ILMN_2317618	7509352083_C	6646	73	533
0.343795861766	223274_at	GSM1005469	6285	16	534
0.343096567741	ILMN_1679060	GSM1016378	6656	6	535
0.342370185166	214532_x_at	GSM238799	6190	16	536
0.34223950727	214532_x_at	GSM366235	6329	16	537
0.342045492845	ILMN_1679060	GSM1348185	6566	73	538
0.341848116448	208286_x_at	GSM308081	6518	16	539
0.341569637829	ILMN_2317618	GSM381622	5008	6	540
0.341544339408	ILMN_1665632	9257631031_E	6646	73	541
0.341201654399	ILMN_1679060	GSM1385294	6468	73	542
0.340634445304	ILMN_1665632	6898368080_J	6646	73	543
0.340319349726	ILMN_1705546	GSM640607	6058	66	544
0.339898674672	214532_x_at	GSM466544	6614	16	545
0.339855137712	A_24_P349965	GSM1215766	6353	120	546
0.339530358151	ILMN_1679060	6991010031_A	6646	73	547
0.339205706278	ILMN_2317618	GSM928751	6208	6	548
0.339071990647	A_24_P144601	GSM1387836	6439	143	549
0.338329422988	A_24_P144601	GSM1215777	6353	120	550
0.338261885041	210905_x_at	GSM250020	6480	16	551
0.338103741833	ILMN_2317618	9252616094_E	6646	73	552
0.337778789425	ILMN_1679060	GSM1016348	6620	6	553
0.337109888179	ILMN_1679060	9257622042_B	6646	73	554
0.336011376426	214532_x_at	GSM148496	6619	16	555
0.335994658283	A_24_P144601	GSM1151107	6356	120	556
0.335603578951	ILMN_1665632	6235804065_I	6072	73	557
0.335464676086	ILMN_1665632	9322957086_K	6418	73	558
0.335359973805	ILMN_2317618	GSM945647	6195	73	559
0.334655759571	214532_x_at	GSM115046	6296	51	560
0.334449936822	8124889	GSM907819	6270	46	561
0.333778666379	ILMN_1665632	9275880026_K	6418	73	562
0.333609231103	ILMN_1665632	9257622095_K	6646	73	563
0.333154355562	ILMN_2317618	7509379098_L	6646	73	564
0.331778435562	ILMN_1665632	9252616095_A	6646	73	565
0.331706426215	208286_x_at	GSM813014	6661	16	566
0.331475831814	ILMN_1665632	5645810059_D	6646	73	567
0.331418663356	8179719	GSM1162525	6326	46	568
0.331312252439	8124889	GSM907849	6270	46	569
0.331191160231	ILMN_2068499	GSM810557	5035	73	570
0.330771051811	ILMN_2317618	5655508009_C	6646	73	571
0.329663799371	ILMN_2317618	5645810003_C	6646	73	572
0.329457353432	ILMN_1665632	7466516012_A	6646	73	573
0.329238897582	ILMN_1665632	5445316044_J	5036	73	574
0.328764725202	ILMN_2317618	5991413039_A	5042	73	575
0.328402421818	210905_x_at	GSM260677	6119	16	576
0.328214479075	214532_x_at	GSM366205	6329	16	577
0.327980988837	ILMN_1665632	6898376078_D	6646	73	578
0.327866848634	17017102	GSM1533802	6748	134	579
0.327842242296	ILMN_1665632	GSM381622	5008	6	580
0.327717772203	ILMN_2317618	GSM502211	6461	6	581
0.327260646205	8124889	GSM1162562	6326	46	582
0.327086912756	8179719	GSM1162555	6326	46	583
0.326360238674	ILMN_1665632	9322957073_E	6418	73	584
0.326223478721	ILMN_2317618	GSM381609	5008	6	585
0.326213706004	214532_x_at	GSM906376	6334	16	586
0.3255276128	223274_at	GP2341_R31	6278	16	587
0.325508902525	8179719	GSM1061808	6158	46	588
0.32519934639	ILMN_2317618	PAW493	6491	73	589
0.325039382565	ILMN_1665632	9461595053_H	6273	73	590
0.324921663257	208286_x_at	GSM366204	6329	16	591
0.324079453542	ILMN_1665632	9273353058_E	6418	73	592
0.323171054295	ILMN_1679060	9252616099_A	6646	73	593
0.322287116453	ILMN_1679060	GSM1245956	6303	73	594
0.321393656136	ILMN_2317618	9275880025_G	6418	73	595
0.32127652395	A_24_P349965	GSM1060566	6159	120	596
0.321257519337	ILMN_1679060	PAW149	6491	73	597
0.321215487463	214532_x_at	GSM394521	6194	16	598
0.320389128867	ILMN_1679060	GSM1385264	6468	73	599
0.320082390283	ILMN_1665632	7018879014_E	6454	73	600
0.320057692139	8179719	GSM907800	6270	46	601
0.319882323399	8124889	GSM1162532	6326	46	602
0.318435587658	208286_x_at	GSM123793	6490	51	603
0.315582650205	ILMN_2317618	GSM381610	5008	6	604
0.315552310214	214532_x_at	GSM1041381	6358	16	605
0.315075046491	ILMN_1665632	9216457101_H	6559	7	606
0.313223165646	ILMN_2317618	PAW347	6491	73	607
0.312845613711	ILMN_1665632	6898376089_J	6646	73	608
0.311816491679	A_24_P214841	GSM451458	6470	119	609
0.311653796647	214532_x_at	GSM1580576	6595	16	610
0.311573312685	ILMN_1679060	7509352048_K	6646	73	611
0.311410492786	ILMN_1679060	5991413039_J	5042	73	612
0.310167850709	ILMN_1665632	GSM1348186	6566	73	613
0.308230457909	ILMN_2317618	GSM381613	5008	6	614
0.307826496638	223274_at	GSM451157	6480	16	615
0.305132917145	ILMN_1679060	7649558052_E	6646	73	616
0.303582674525	208286_x_at	GSM878098	6216	16	617
0.303539592968	ILMN_1665632	GSM517029	6001	7	618
0.30324900481	ILMN_1665632	9252616100_E	6646	73	619
0.30231418281	210905_x_at	GSM609673_5202764005792185120204.E04	5003	41	620
0.302164230858	ILMN_1679060	5935420012_F	6063	73	621
0.301337680323	208286_x_at	GSM468232_S13_R1	6009	51	622
0.301002122558	ILMN_1665632	9252616097_J	6646	73	623
0.300985724303	ILMN_1679060	9257631032_G	6646	73	624
0.300742198986	ILMN_2317618	GSM502151	6461	6	625
0.300425895464	208286_x_at	GSM609701_5202764005790179113004.G12	5003	41	626
0.29993644083	ILMN_1665632	9322957058_E	6460	73	627
0.299449403049	208286_x_at	GSM1041385	6358	16	628
0.298531317843	A_24_P349965	GSM520706	6444	119	629
0.298506735789	210265_x_at	GSM260677	6119	16	630
0.298175820885	ILMN_1679060	9252616096_D	6646	73	631
0.297588161412	ILMN_2068499	5666194007_J	6646	73	632
0.29532350637	ILMN_2068499	6991010046_J	6646	73	633
0.294804556977	208286_x_at	GSM184640	6254	16	634
0.294732093692	A_24_P144601	GSM520694	6444	119	635
0.294381903488	A_24_P144601	GSM1040234	6245	120	636
0.294288626196	208286_x_at	D11-4_U133A_10_12_04	6277	51	637
0.293510791176	ILMN_1665632	7509379096_A	6646	73	638
0.291868099041	ILMN_1665632	9257631015_K	6646	73	639
0.291460828791	ILMN_2317618	5666194004_J	6646	73	640
0.290162851781	208286_x_at	GSM1277638	6416	16	641
0.289652644934	ILMN_1665632	7018879025_K	6449	73	642
0.289148292377	ILMN_1665632	9257622100_E	6646	73	643
0.288901507184	208286_x_at	GSM123733	6490	51	644
0.288653749666	ILMN_2068499	5991413039_D	5042	73	645
0.287721335865	210905_x_at	GSM609823_5202764005792184120204.F01	5003	41	646
0.287124080547	208286_x_at	GSM980204	6223	16	647
0.286782789704	A_24_P349965	GSM910700	6336	120	648
0.286648591246	ILMN_2317618	7509352067_G	6646	73	649
0.285628178351	208286_x_at	GSM1097818	6366	16	650
0.28464108454	208286_x_at	GSM881046	6265	16	651
0.283668398046	ILMN_2317618	GSM381605	5008	6	652
0.282969221852	210265_x_at	GSM372148	6006	16	653
0.282951287621	ILMN_1679060	7018879045_E	6454	73	654
0.282604662793	214532_x_at	GSM307030	6321	56	655
0.282173399562	ILMN_2317618	GSM506264	6461	6	656
0.282038011132	ILMN_1665632	7649558069_I	6646	73	657
0.28050779359	214532_x_at	GSM971390	6183	56	658
0.279994876459	223274_at	GSM1563041	6597	16	659
0.279934794239	A_23_P59138	GSM1103342	6372	119	660
0.279471332976	A_24_P349965	GSM520676	6444	119	661
0.27944607628	ILMN_1679060	9257631006_G	6646	73	662
0.279016951886	208286_x_at	050903_M7_4h_HG-U1133A	6277	51	663
0.278710990388	214532_x_at	GSM340081	6120	16	664
0.278635226014	A_210905_x_at	GSM139881_GSM139896	6370	142	665
0.278074646551	ILMN_1665632	9345725130_E	6460	73	666
0.277958148583	ILMN_1665632	9252616087_G	6646	73	667
0.27791811378	ILMN_1679060	9257631027_A	6646	73	668
0.277003405719	ILMN_1665632	7018879050_J	6453	73	669
0.276947130327	ILMN_2317618	9257622099_I	6646	73	670
0.276518744923	ILMN_2317618	5645810051_H	6646	73	671
0.27635249231	214532_x_at	GSM184640	6254	16	672
0.276238093985	ILMN_1679060	GSM1385324	6468	73	673
0.276105990944	ILMN_2317618	7466516041_A	6646	73	674
0.276058141324	ILMN_1665632	9249896082_I	6646	73	675
0.276015704298	A_24_P349965	GSM1040208	6247	120	676
0.275599945963	ILMN_2317618	9322957086_E	6460	73	677
0.275085052526	ILMN_1665632	9249896047_B	6646	73	678
0.274893825267	ILMN_2068499	5645810051_B	6646	73	679
0.274518757681	ILMN_1679060	6898376090_L	6646	73	680
0.272790537147	ILMN_2317618	9273353045_K	6460	73	681
0.272306761632	ILMN_1665632	D5MP3	6467	73	682
0.272072925327	223274_at	GSM894408	6395	16	683
0.271933992474	214532_x_at	GSM469129	6110	16	684
0.271304120349	ILMN_1665632	9252616028_J	6646	73	685
0.271287006825	223274_at	GSM119661	6190	16	686
0.271189781339	ILMN_1665632	9257631053_J	6646	73	687
0.269581241249	ILMN_2317618	9345725130_K	6460	73	688
0.268513706817	ILMN_1679060	GSM928751	6208	6	689
0.268132977194	208286_x_at	GSM1080988	6276	16	690
0.267926641323	A_24_P144601	GSM451459	6470	119	691
0.267208104339	ILMN_2317618	6991010031_I	6646	73	692
0.267153338369	210905_x_at	GSM87715	6635	51	693
0.267045626006	ILMN_2317618	5666194008_D	6646	73	694
0.26618917648	ILMN_2317618	GSM381615	5008	6	695
0.265632418941	ILMN_1665632	9252616020_D	6646	73	696
0.264508559968	214532_x_at	HFB2003010712Aaa	6328	51	697
0.263634501991	ILMN_2068499	GSM502130	6461	6	698
0.263149499001	A_24_P144601	GSM1655123	6679	119	699
0.262624821093	ILMN_2317618	9275880026_E	6460	73	700
0.26198852741	ILMN_2068499	5655508004_I	6646	73	701
0.261822460179	A_24_P214841	GSM1103348	6372	119	702
0.260486870484	ILMN_1665632	PAW334	6491	73	703
0.258875476417	ILMN_2317618	GSM381606	5008	6	704
0.257598965525	210265_x_at	GSM609792_5202764005792184120204.G07	5003	41	705
0.257176601478	ILMN_2317618	GSM381627	5008	6	706
0.256785434807	208286_x_at	GSM1182341	6413	16	707
0.255920906839	208286_x_at	GSM394498	6194	16	708
0.255492371217	ILMN_2068499	PAW509	6491	73	709
0.254795542367	214532_x_at	GSM971360	6183	56	710
0.254341783825	ILMN_1665632	9275880025_K	6460	73	711
0.253969669754	ILMN_1665632	9273353045_E	6460	73	712
0.253621562328	ILMN_1665632	9252616058_L	6646	73	713
0.253499439636	A_24_P144601	GSM952618	6450	120	714
0.253248596538	ILMN_1679060	9257622099_A	6646	73	715
0.253103191922	A_24_P144601	GSM910692	6336	120	716
0.251367063182	ILMN_1665632	5786073106_A	6716	73	717
0.250628155107	ILMN_1665632	GSM1385324	6468	73	718
0.250462629138	ILMN_1665632	3999810079_L	6622	73	719
0.249523883689	208286_x_at	GP2341_R36	6288	16	720
0.248765165422	ILMN_1679060	D10MP2	6467	73	721
0.248632113072	A_24_P144601	GSM1215687	6353	120	722
0.247333300828	214532_x_at	GP2341_R15	6278	16	723
0.247184110791	208286_x_at	GSM971391	6183	56	724
0.247152386	A_24_P349965	GSM1040453	6247	120	725
0.245082088761	ILMN_1705546	GSM517029	6001	7	726
0.244584926406	ILMN_1679060	9252616022_F	6646	73	727
0.244500278871	ILMN_1679060	7466516017_D	6646	73	728
0.244096560423	210905_x_at	051703_M8_4h_HG-U133A	6277	51	729
0.243485863188	208286_x_at	GSM1289029	6393	16	730
0.243117132633	ILMN_1665632	5991413017_J	5042	73	731
0.241988610792	ILMN_2317618	GSM502181	6461	6	732
0.241212140301	ILMN_2068499	PAW119	6491	73	733
0.240632339093	ILMN_1665632	GSM810563	5035	73	734
0.239973617273	ILMN_2317618	GSM1385309	6468	73	735
0.237720701978	208286_x_at	GSM997929	6123	16	736
0.237542335379	210905_x_at	GSM123755	6490	51	737
0.236848694205	ILMN_2317618	GSM381604	5008	6	738
0.235741358759	208286_x_at	GSM1210394	6339	16	739
0.235298705881	ILMN_2317618	GSM1385279	6468	73	740
0.235199650871	210905_x_at	GSM1277638	6416	16	741
0.235183592499	208286_x_at	GSM248209	6162	16	742
0.235097547011	210905_x_at	GSM1097815	6366	16	743
0.234674629442	208286_x_at	2_R16	6289	16	744
0.234294546817	A_24_P349965	GSM1215736	6353	120	745
0.234258513708	ILMN_2068499	GSM502250	6461	6	746
0.233583278409	210905_x_at	GSM466544	6614	16	747
0.233088838002	ILMN_2317618	9257631015_C	6646	73	748
0.232195994292	ILMN_1665632	9257631045_K	6646	73	749
0.230569539499	ILMN_1665632	GSM1017912	6723	73	750
0.229308644825	ILMN_1665632	PAW155	6491	73	751
0.228853728205	210905_x_at	GSM1041397	6358	16	752
0.228262529544	ILMN_2317618	7509379091_E	6646	73	753
0.228188028794	208286_x_at	GSM971361	6183	56	754
0.228115019079	223274_at	GSM466544	6614	16	755
0.228065774823	ILMN_2317618	GSM381626	5008	6	756
0.227915255223	ILMN_1679060	GSM1226631	6500	6	757
0.227891724542	ILMN_2317618	9252616058_D	6646	73	758
0.227089177585	ILMN_2068499	5645810032_J	6646	73	759
0.226609803761	ILMN_2317618	PAW556	6491	73	760
0.226607660481	A_24_P349965	GSM1040184	6245	120	761
0.22608779434	ILMN_2317618	4380071027_A	3000	6	762
0.225410687342	ILMN_2317618	GSM381619	5008	6	763
0.224723067312	ILMN_2317618	9249896042_F	6646	73	764
0.223186185281	210905_x_at	GSM637791.cel	5002	36	765
0.222949376375	210905_x_at	GSM388766	6248	16	766
0.222574583574	A_24_P349965	GSM1040214	6245	120	767
0.222476044833	ILMN_1665632	7509352083_K	6646	73	768
0.222402011765	ILMN_1665632	GSM1212230	6213	73	769
0.221603305437	ILMN_1665632	GSM381607	5008	6	770
0.220729336634	ILMN_1705546	GSM1226631	6500	6	771
0.22044602436	ILMN_1665632	8659387164_K	6418	73	772
0.220388907113	ILMN_1665632	GSM381611	5008	6	773
0.220342897708	ILMN_1679060	7509352082_F	6646	73	774
0.219927173963	ILMN_1665632	5666194022_K	6646	73	775
0.217338849167	ILMN_2317618	9322957058_A	6418	73	776
0.216866495239	ILMN_1679060	5786073106_G	6716	73	777
0.215535186246	214532_x_at	GSM1210396	6339	16	778
0.214514928352	208286_x_at	GSM1377990	6347	16	779
0.214326940803	214532_x_at	MCSF_1_R25	6278	16	780
0.212322201373	ILMN_1679060	3999779089_F	6763	73	781
0.21168294505	ILMN_1665632	4294077037_A	6064	21	782
0.211575744145	ILMN_1705546	GSM502227	6461	6	783
0.210943391453	210905_x_at	GSM238813	6190	16	784
0.210355827473	ILMN_1679060	D10FP2	6485	73	785
0.210164893145	ILMN_1665632	5935420012_F	6063	73	786
0.20990413007	208286_x_at	GSM1004110	6237	16	787
0.209616650038	A_32_P132563	GSM451455	6470	119	788
0.208628969855	210905_x_at	GSM123785	6490	51	789
0.20795355892	ILMN_1665632	6898376059_H	6646	73	790
0.207364610076	210265_x_at	GSM1041393	6358	16	791
0.20554177425	ILMN_2068499	9322957087_A	6418	73	792
0.205321315134	214532_x_at	GSM595326	6338	36	793
0.205161197607	ILMN_2317618	9322957080_G	6418	73	794
0.204799592185	A_24_P349965	GSM1046966	6293	143	795
0.20448422234	208286_x_at	GSM1389611	6402	16	796
0.204442141146	ILMN_2068499	GSM502220	6461	6	797
0.203690975238	ILMN_2068499	9257631050_H	6646	73	798
0.202824417961	ILMN_1665632	5491021070_G	5042	73	799
0.202532471954	ILMN_2068499	9322957073_K	6460	73	800
0.202082687741	ILMN_2068499	GSM1385264	6468	73	801
0.2020460639	ILMN_1665632	GSM502174	6461	6	802
0.201063374677	210265_x_at	GSM345279	6442	16	803
0.201044846187	ILMN_2317618	GSM810551	5035	73	804
0.199834949823	ILMN_2068499	7509379107_D	6646	73	805
0.199831668589	208286_x_at	HFB2003010701Aaa	6328	51	806
0.198599034905	ILMN_1679060	GSM1212220	6213	73	807
0.197718917268	208286_x_at	3_R23	6278	16	808
0.197344202438	210905_x_at	GSM123264	6382	51	809
0.195363638259	210905_x_at	GSM609793_5202764005792184120204.E08	5003	41	810
0.193681641839	223274_at	GSM75555	6305	16	811
0.193144722288	210905_x_at	GSM1210388	6339	16	812
0.193078719541	210905_x_at	GSM1182335	6413	16	813
0.192623704031	ILMN_1665632	GSM502144	6461	6	814
0.191670932923	ILMN_2068499	6898368069_H	6646	73	815
0.190894503621	223274_at	GSM238864	6190	16	816
0.190375421087	ILMN_1665632	PAW531	6491	73	817
0.189234518885	ILMN_1665632	GSM506257	6461	6	818
0.189085180238	208286_x_at	GP2341_R51	6278	16	819
0.18892505176	ILMN_2317618	9257631045_C	6646	73	820
0.188150318887	ILMN_2317618	GSM381621	5008	6	821
0.18805820554	ILMN_1705546	GSM502137	6461	6	822
0.187209147036	210265_x_at	GSM1210390	6339	16	823
0.186768274758	214532_x_at	GP2341_R21	6288	16	824
0.185915468391	ILMN_2317618	GSM381612	5008	6	825
0.184950629212	214532_x_at	GSM609760_5202764005790179113004.H03	5003	41	826
0.184821842643	210905_x_at	GSM980204	6223	16	827
0.184622642105	210905_x_at	GSM308069	6518	16	828
0.184384561615	210905_x_at	050903_D7_18h_HG-U1133A	6277	51	829
0.183365078535	ILMN_1665632	GSM381623	5008	6	830
0.182787544601	A_24_P144601	GSM1084996	6629	119	831
0.182053456367	208286_x_at	GSM123264	6382	51	832
0.181257281558	ILMN_2317618	GSM810581	5035	73	833
0.181155932615	ILMN_1665632	101035690013_C	6758	73	834
0.180461526593	ILMN_2068499	6898376057_D	6646	73	835
0.180131459253	210265_x_at	GSM394509	6194	16	836
0.177803143674	214532_x_at	GSM1377996	6347	16	837
0.176873272349	ILMN_2317618	GSM381623	5008	6	838
0.176873272349	ILMN_2317618	GSM381623	5008	6	839
0.175738110901	210265_x_at	GSM1253162	6360	16	840
0.175332692531	223274_at	GSM239613	6114	16	841
0.174713340642	210905_x_at	GSM1080988	6276	16	842
0.174151957472	ILMN_2068499	GSM502160	6461	6	843
0.174039438502	ILMN_2317618	GSM381611	5008	6	844
0.173909325141	ILMN_2068499	9273353058_K	6460	73	845
0.173778518802	210265_x_at	Healthy_blood_1_R13	6288	16	846
0.172999776422	ILMN_2317618	GSM502271	6461	6	847
0.172495782456	210265_x_at	GP2341_R10	6278	16	848
0.172469318236	ILMN_1705546	GSM928751	6208	6	849
0.171653787662	210265_x_at	GSM115046	6296	51	850
0.170883722925	223274_at	GSM388760	6248	16	851
0.170326927561	ILMN_2068499	GSM1348173	6566	73	852
0.170243602864	ILMN_1665632	GSM502234	6461	6	853
0.169378950565	210265_x_at	GSM388763	6248	16	854
0.168299172053	ILMN_2317618	GSM381607	5008	6	855
0.167244968231	ILMN_2317618	9345725130_A	6418	73	856
0.167149361637	210265_x_at	GSM123744	6490	51	857
0.166699957406	210265_x_at	GSM386489	5024	16	858
0.166274495957	210265_x_at	GP2341_R06	6288	16	859
0.165597544872	223274_at	GSM906370	6334	16	860
0.164806394726	ILMN_1665632	5935420017_L	6063	73	861
0.164341157692	ILMN_2068499	PAW541	6491	73	862
0.164093596956	ILMN_2068499	5666194025_C	6646	73	863
0.163649033854	ILMN_2317618	9257631027_I	6646	73	864
0.163444261696	210265_x_at	GSM123774	6490	51	865
0.159794743526	ILMN_1665632	GSM381619	5008	6	866
0.15853809255	214532_x_at	GSM609670_5202764005790179113004.G03	5003	41	867
0.158128441447	210905_x_at	GSM366231	6329	16	868
0.157812208107	ILMN_2317618	7466516017_L	6646	73	869
0.157315248563	ILMN_1705546	GSM1385279	6468	73	870
0.156582028164	ILMN_2068499	9249896068_G	6646	73	871
0.156326885267	210265_x_at	GSM1004108	6237	16	872
0.15600718231	ILMN_2317618	9257631069_H	6646	73	873
0.155953796904	210905_x_at	HFB2003010709Aaa	6328	51	874
0.154664448048	210265_x_at	GSM997931	6123	16	875
0.15409000694	210265_x_at	GSM466544	6614	16	876
0.153659269897	210265_x_at	GSM308050	6518	16	877
0.152653688316	ILMN_2068499	GSM810587	5035	73	878
0.152611801216	ILMN_1665632	GSM381627	5008	6	879
0.152065774266	210905_x_at	GSM881043	6265	16	880
0.151837896152	ILMN_2317618	7509379008_I	6646	73	881
0.151533587497	ILMN_2317618	GSM1212240	6213	73	882
0.150086985238	ILMN_1679060	7680504036_E	6452	73	883
0.149742665118	210905_x_at	GP2341_R19	6288	16	884
0.14791379777	ILMN_2317618	GSM663404	6088	66	885
0.147122063922	ILMN_2068499	GSM1017906	6723	73	886
0.146820320523	ILMN_1665632	GSM381610	5008	6	887
0.145972291828	ILMN_2068499	GSM1212240	6213	73	888
0.145869071989	ILMN_2068499	9252616096_F	6646	73	889
0.144757871409	210905_x_at	Sworder_52	6644	16	890
0.144430303196	ILMN_2068499	9345725131_K	6460	73	891
0.143974410064	ILMN_1665632	GSM1082862	6253	73	892
0.140506951521	223274_at	GSM260677	6119	16	893
0.14037630414	ILMN_2068499	6991010002_H	6646	73	894
0.139727160046	ILMN_1665632	GSM1385294	6468	73	895
0.138594938568	ILMN_2068499	9252616034_C	6646	73	896
0.138425857461	ILMN_2317618	9252616028_B	6646	73	897
0.136662070797	ILMN_2317618	7509379014_F	6646	73	898
0.136431478921	ILMN_2068499	GSM1385294	6468	73	899
0.134863376595	ILMN_1679060	7018879056_J	6453	73	900
0.133752486443	ILMN_2068499	7509379098_F	6646	73	901
0.131939248386	ILMN_1665632	GSM381620	5008	6	902
0.130992845368	ILMN_2068499	9257622042_D	6646	73	903
0.130281243737	ILMN_1665632	GSM502204	6461	6	904
0.128078670606	ILMN_1679060	9257631050_F	6646	73	905
0.127250664476	2948863	GSM464393	6101	71	906
0.127118269647	ILMN_2068499	5666194027_I	6646	73	907
0.126381484043	210265_x_at	Healthy_blood_3_R29	6278	16	908
0.124892433128	ILMN_2068499	5655508017_C	6646	73	909
0.124308350939	ILMN_1705546	4380071023_A	3000	6	910
0.124287242213	ILMN_2317618	GSM707719	6048	66	911
0.123955642407	210905_x_at	GSM119623	6190	16	912
0.122874302248	ILMN_2317618	GSM1288420	6534	66	913
0.122819163768	210905_x_at	GSM792050	6544	16	914
0.122720388738	223274_at	GSM73478	6304	136	915
0.121778437747	ILMN_1705546	9461595053_B	6273	73	916
0.121292587677	ILMN_2068499	9252616092_K	6646	73	917
0.11939064805	ILMN_1679060	101035690013_I	6758	73	918
0.11839125125	ILMN_2068499	7509352067_A	6646	73	919
0.117643732172	ILMN_1705546	PAW336	6491	73	920
0.116683678653	210905_x_at	GSM148493	6619	16	921
0.116396783836	223274_at	GSM238822	6190	16	922
0.116384825038	ILMN_2317618	GSM381618	5008	6	923
0.116101151345	210905_x_at	GSM308032	6518	16	924
0.115868478885	ILMN_2317618	GSM1385249	6468	73	925
0.115861775272	ILMN_1665632	GSM381621	5008	6	926
0.112221963038	ILMN_1665632	GSM381624	5008	6	927
0.11110780327	210905_x_at	GSM238855	6190	16	928
0.111061991733	ILMN_2068499	7466516017_F	6646	73	929
0.109892738227	ILMN_1665632	GSM381606	5008	6	930
0.1098661973	210905_x_at	GSM997917	6123	16	931
0.109600536648	ILMN_1705546	PAW536	6491	73	932
0.109104739082	ILMN_2068499	6991010031_C	6646	73	933
0.10522244612	ILMN_1705546	5645810046_H	6646	73	934
0.103782097049	210265_x_at	GSM250030	6037	16	935
0.102264441382	ILMN_2068499	5666194004_D	6646	73	936
0.101923767382	ILMN_1705546	5975034034_I	6554	73	937
0.100955929241	ILMN_1665632	GSM381626	5008	6	938
0.100896181235	ILMN_1705546	GSM1288424	6534	66	939
0.10069214903	210905_x_at	GSM1389620	6402	16	940
0.100032655925	ILMN_2068499	7509379008_A	6646	73	941
0.0994539054823	ILMN_2068499	PAW143	6491	73	942
0.0993655417905	ILMN_2068499	9322957087_E	6460	73	943
0.0991647764966	ILMN_1665632	GSM1385264	6468	73	944
0.099156789395	ILMN_2068499	8959291040_B	6485	73	945
0.0989636083479	ILMN_2068499	GSM1017894	6722	73	946
0.0982665560065	210265_x_at	GSM184640	6254	16	947
0.0978314886822	210905_x_at	GSM184640	6254	16	948
0.0976978909901	210905_x_at	GSM239613	6114	16	949
0.0973063276814	ILMN_1705546	GSM502167	6461	6	950
0.0956858306709	ILMN_1665632	GSM381618	5008	6	951
0.0954779974611	210265_x_at	GSM878104	6216	16	952
0.0954473012031	ILMN_2068499	9275880046_E	6460	73	953
0.094325891836	ILMN_1705546	3999779089_L	6763	73	954
0.093130672859	ILMN_2068499	GSM1385324	6468	73	955
0.0921015149512	ILMN_1705546	5666194027_A	6646	73	956
0.0905657197836	210265_x_at	GSM579885	6056	16	957
0.0895084318504	ILMN_2317618	GSM381620	5008	6	958
0.0892491943664	210905_x_at	GP2341_R45	6278	16	959
0.0891132457923	ILMN_2317618	GSM698432	6206	66	960
0.0877981779916	210265_x_at	GSM595338	6338	36	961
0.0875712857331	ILMN_2068499	7509379090_J	6646	73	962
0.0870391651855	210905_x_at	GSM813005	6661	16	963
0.0867489841712	ILMN_1705546	GSM502257	6461	6	964
0.0860755011905	ILMN_2317618	9252616099_I	6646	73	965
0.085730194789	ILMN_1665632	GSM381613	5008	6	966
0.0855917391281	210265_x_at	GSM813008	6661	16	967
0.0855815576685	ILMN_1679060	3999810110_L	6622	73	968
0.0855343706322	210265_x_at	GSM87733	6635	51	969
0.0834805913584	ILMN_1705546	9252616098_F	6646	73	970
0.083330129517	210905_x_at	GSM1378002	6347	16	971
0.0826982517889	210265_x_at	GSM422113	6238	16	972
0.0813767227027	ILMN_1665632	GSM381617	5008	6	973
0.0813767227027	ILMN_1665632	GSM381617	5008	6	974
0.0795862688927	ILMN_1705546	PAW159	6491	73	975
0.0793583077157	ILMN_2317618	4714730055_F	6201	66	976
0.0793560934071	ILMN_1705546	6747965016_C	6562	73	977
0.0792337626718	ILMN_1705546	6898368066_L	6646	73	978
0.0789914897336	ILMN_2068499	6898376095_B	6646	73	979
0.0785590670623	ILMN_2068499	6898376081_H	6646	73	980
0.0784199239995	210905_x_at	GSM250025	6037	16	981
0.0782431734774	210265_x_at	GSM307012	6321	56	982
0.0777262516356	ILMN_2068499	GSM533091	6268	6	983
0.0776038395208	ILMN_1665632	GSM381625	5008	6	984
0.077271769337	ILMN_1705546	9257631056_F	6646	73	985
0.0768236084521	ILMN_2068499	GSM1082820	6253	73	986
0.0762400566489	ILMN_1705546	5935420016_I	6063	73	987
0.0757902107367	210265_x_at	GSM340087	6120	16	988
0.0751100416288	ILMN_1705546	5645810059_L	6646	73	989
0.0743346514393	ILMN_2068499	GSM1442039	6537	73	990
0.0740728794497	ILMN_1705546	7018879050_D	6453	73	991
0.0730394607057	ILMN_2317618	7509379107_J	6646	73	992
0.0726620230798	ILMN_1705546	6898368082_G	6646	73	993
0.0711360210297	ILMN_2068499	9345725131_G	6418	73	994
0.0708047978079	ILMN_2317618	GSM381617	5008	6	995
0.0702707446232	ILMN_2068499	5655508054_C	6646	73	996
0.0701224616871	ILMN_1665632	GSM381614	5008	6	997
0.0698057689294	ILMN_1705546	6991010046_B	6646	73	998
0.0689489963355	ILMN_2317618	GSM502241	6461	6	999
0.0687866777704	ILMN_1705546	GSM1082856	6253	73	1000
0.068712687012	ILMN_2068499	9273353058_G	6418	73	1001
0.0672700840962	210265_x_at	GSM1254290	6393	16	1002
0.0660613033979	ILMN_1705546	9257631006_A	6646	73	1003
0.0660161536798	210265_x_at	GSM971362	6183	56	1004
0.0643755744739	ILMN_2068499	PAW163	6491	73	1005
0.0643513245953	ILMN_1705546	GSM1288454	6534	66	1006
0.0636293297185	208286_x_at	GSM123763	6490	51	1007
0.063476626268	ILMN_2068499	9252616099_C	6646	73	1008
0.0628374441841	ILMN_1705546	GSM1385249	6468	73	1009
0.0625687909919	ILMN_1705546	7656766010_E	6646	73	1010
0.0624599281377	ILMN_2068499	5655508048_I	6646	73	1011
0.0621858487395	210905_x_at	GSM75561	6305	16	1012
0.0620873073446	ILMN_2068499	9257631032_I	6646	73	1013
0.0616995767428	ILMN_2068499	GSM1082850	6253	73	1014
0.0605474826803	ILMN_2068499	9257631006_I	6646	73	1015
0.0598575450846	2948863	GSM1176758	6403	71	1016
0.058873752179	210265_x_at	GSM238941	6190	16	1017
0.0586839822418	ILMN_1705546	9252616061_H	6646	73	1018
0.0576678857288	ILMN_2068499	9322957073_G	6418	73	1019
0.0575513553959	ILMN_1705546	9259561002_G	6646	73	1020
0.0565637389234	ILMN_1705546	7509352048_E	6646	73	1021
0.0565303859976	210265_x_at	051603_D6_4h_HG-U133A	6277	51	1022
0.0562256979365	ILMN_1665632	GSM381608	5008	6	1023
0.0562186831764	ILMN_2068499	GSM502280	6461	6	1024
0.0562114327068	ILMN_2068499	6747973056_B	6646	73	1025
0.0561413364031	ILMN_2068499	9257622077_I	6646	73	1026
0.0558475374891	210265_x_at	GSM366232	6329	16	1027
0.0557074460946	ILMN_2068499	9257631026_A	6646	73	1028
0.0554274079526	ILMN_2068499	5935420017_L	6063	73	1029
0.0545416571766	223274_at	GSM119631	6190	16	1030
0.0544308905094	ILMN_2068499	9257622099_C	6646	73	1031
0.0544218761229	ILMN_1705546	GSM810575	5035	73	1032
0.0535156238092	210265_x_at	GSM119672	6190	16	1033
0.0533716566547	ILMN_2317618	GSM381614	5008	6	1034
0.0533276497346	ILMN_1705546	5645810032_B	6646	73	1035
0.0529820900614	ILMN_2068499	7509352082_H	6646	73	1036
0.0512407217502	210265_x_at	GSM366202	6329	16	1037
0.0509541126128	ILMN_1705546	9322957058_C	6418	73	1038
0.0497340143949	ILMN_1705546	9275880046_K	6460	73	1039
0.0493925318015	ILMN_2317618	GSM381624	5008	6	1040
0.0492756254462	ILMN_1705546	GSM1082826	6253	73	1041
0.0492733505781	ILMN_2068499	9259561005_C	6646	73	1042
0.0491473668102	223274_at	GP2341_R49	6288	16	1043
0.0486124293486	ILMN_1705546	9249896031_D	6646	73	1044
0.0475897522714	ILMN_1665632	6142077005_I	6561	73	1045
0.0475393473887	ILMN_1705546	6898376063_D	6646	73	1046
0.0474688162663	ILMN_1705546	GSM502197	6461	6	1047
0.0468505757534	210905_x_at	GSM119683	6190	16	1048
0.0464195954698	210905_x_at	GSM119653	6190	16	1049
0.0464125644265	ILMN_1705546	7466516037_K	6646	73	1050
0.0456156763424	ILMN_2068499	7509379012_L	6646	73	1051
0.043635717244	ILMN_1705546	GSM945651	6195	73	1052
0.0434276203371	ILMN_1665632	GSM502264	6461	6	1053
0.0430628987121	ILMN_1679060	5975034034_C	6554	73	1054
0.0428577210502	ILMN_2068499	9257631027_C	6646	73	1055
0.0425468828619	ILMN_1705546	9257631032_A	6646	73	1056
0.0419295981022	ILMN_2068499	9275880046_A	6418	73	1057
0.041833944706	ILMN_2068499	9257631069_B	6646	73	1058
0.0415838547396	ILMN_2068499	5935420012_F	6063	73	1059
0.0412247959276	ILMN_2068499	7466516038_G	6646	73	1060
0.0409470922126	210265_x_at	M11-4_U133A_10_12_04	6277	51	1061
0.0407441835017	ILMN_2068499	GSM928751	6208	6	1062
0.0407202498762	ILMN_1705546	4634617006_C	6700	6	1063
0.0398253856816	ILMN_1705546	9273353045_C	6418	73	1064
0.0396117456782	ILMN_2317618	GSM381616	5008	6	1065
0.0384904263345	210265_x_at	GSM238840	6190	16	1066
0.0379558184737	ILMN_1665632	GSM381604	5008	6	1067
0.0373451841666	ILMN_2068499	GSM502190	6461	6	1068
0.037004805224	210905_x_at	GSM366201	6329	16	1069
0.0363025997214	ILMN_2068499	GSM1245954	6303	73	1070
0.0356850422334	ILMN_1705546	5666194024_G	6646	73	1071
0.0353295040528	ILMN_1705546	D4FP5	6485	73	1072
0.0348636405101	ILMN_1665632	GSM381612	5008	6	1073
0.0339598325984	210265_x_at	GSM971392	6183	56	1074
0.0334571957674	ILMN_1705546	7509352079_L	6646	73	1075
0.0331437821981	ILMN_1705546	9252616029_F	6646	73	1076
0.0328659118227	ILMN_1705546	7466516013_D	6646	73	1077
0.032503936391	ILMN_1705546	9257631036_L	6646	73	1078
0.0321975142251	210905_x_at	6_R48	6289	16	1079
0.031307663558	ILMN_2068499	6898376063_L	6646	73	1080
0.0312629510526	210265_x_at	GSM469135	6110	16	1081
0.0311775190748	ILMN_1705546	5666194007_B	6646	73	1082
0.0307896430927	ILMN_1705546	7509379012_D	6646	73	1083
0.0292608430084	214532_x_at	GSM609790_5202764005792184120204.E04	5003	41	1084
0.0291123597437	ILMN_1705546	9257631019_G	6646	73	1085
0.0284137033682	ILMN_1705546	7509379096_I	6646	73	1086
0.028266233666	ILMN_2068499	9252616073_D	6646	73	1087
0.0269610091828	ILMN_1705546	3999810079_K	6622	73	1088
0.0269514784253	ILMN_2317618	GSM381625	5008	6	1089
0.0261976770607	ILMN_1705546	6898376078_L	6646	73	1090
0.0259923276621	ILMN_1705546	9252616092_C	6646	73	1091
0.0258290907193	ILMN_2068499	8659387184_D	6418	73	1092
0.02571918485	ILMN_1705546	9257622098_G	6646	73	1093
0.0248978067177	ILMN_1705546	7509379017_K	6646	73	1094
0.0243234614907	210905_x_at	GSM238953	6190	16	1095
0.0242001610714	ILMN_2068499	9249896031_L	6646	73	1096
0.0234416959102	ILMN_1705546	6991010030_G	6646	73	1097
0.0232269812325	210265_x_at	GSM238802	6190	16	1098
0.0228002663642	ILMN_1705546	5655508048_A	6646	73	1099
0.0227793815566	210905_x_at	GSM971393	6183	56	1100
0.0205787523206	ILMN_1705546	7680504036_K	6452	73	1101
0.0200817229099	ILMN_1705546	GSM1212220	6213	73	1102
0.0199326073451	ILMN_2317618	9252616097_A	6646	73	1103
0.0183345398575	ILMN_1705546	9275880025_I	6418	73	1104
0.0183262670289	ILMN_1705546	PAW504	6491	73	1105
0.0182713466394	ILMN_1665632	GSM381616	5008	6	1106
0.017936953062	ILMN_2068499	7649558052_G	6646	73	1107
0.0177467212412	ILMN_1705546	9275880025_E	6460	73	1108
0.0177404441323	210265_x_at	050607_D13_18h_HG-U133A	6277	51	1109
0.0174012171682	ILMN_2317618	GSM1212210	6213	73	1110
0.0172216801217	ILMN_1705546	8959291040_C	6306	73	1111
0.0166150597436	ILMN_1705546	7509379004_E	6646	73	1112
0.0162088318718	ILMN_2317618	6747965016_I	6562	73	1113
0.0161340182517	ILMN_1705546	6898376096_L	6646	73	1114
0.0159983315316	ILMN_1705546	PAW114	6491	73	1115
0.0155047428864	ILMN_1705546	9252616057_B	6646	73	1116
0.0147541699096	ILMN_2068499	7018879045_K	6454	73	1117
0.0139644781804	ILMN_1705546	9322957080_E	6460	73	1118
0.0139170314626	210905_x_at	GSM971363	6183	56	1119
0.013840366392	ILMN_1705546	7509379090_B	6646	73	1120
0.0138231555677	ILMN_1705546	9252616095_I	6646	73	1121
0.0135485271826	208286_x_at	GSM637795.cel	5002	36	1122
0.0134951372667	ILMN_1705546	5655508016_G	6646	73	1123
0.0134369674288	ILMN_1705546	9257622077_A	6646	73	1124
0.0125913957084	ILMN_1705546	7509352085_H	6646	73	1125
0.0124041344698	ILMN_2068499	9252616057_J	6646	73	1126
0.0106774879418	ILMN_1665632	GSM381615	5008	6	1127
0.00990341473028	ILMN_1705546	9252616020_L	6646	73	1128
0.0093774871424	ILMN_1665632	GSM381609	5008	6	1129
0.00892428770245	210265_x_at	SG1U133ACD	6349	51	1130
0.00843142003879	ILMN_1705546	9322957080_I	6418	73	1131
0.00818382862217	ILMN_2068499	7466516013_L	6646	73	1132
0.00784579065139	ILMN_1705546	9249896047_K	6646	73	1133
0.00760316707279	ILMN_1705546	9249896097_E	6646	73	1134
0.00603503290546	ILMN_2068499	GSM1212210	6213	73	1135
0.00588937073867	210905_x_at	GSM595329	6338	36	1136
0.00585461322753	ILMN_1705546	7466516012_J	6646	73	1137
0.00570888079181	210265_x_at	GSM646176	6373	56	1138
0.00566498247232	ILMN_1705546	3998755170_L	6612	73	1139
0.00521203490289	ILMN_1705546	GSM1212250	6213	73	1140
0.00508909957224	ILMN_1705546	6898376090_F	6646	73	1141
0.00491530009003	ILMN_1705546	5655508053_G	6646	73	1142
0.00456824611168	ILMN_1705546	6898376045_H	6646	73	1143
0.00453846767042	ILMN_1705546	9345725130_C	6418	73	1144
0.00386720331589	ILMN_2068499	3998755167_J	6612	73	1145
0.00372258575457	210265_x_at	GSM119642	6190	16	1146
0.00286869748172	ILMN_1705546	9322957087_K	6460	73	1147
0.00262867531937	210265_x_at	GSM378832	6164	16	1148
0.000621704606647	ILMN_2068499	9252616022_H	6646	73	1149
0.000539313970045	ILMN_1705546	GSM1385309	6468	73	1150
